{
  "IcoMoonType": "selection",
  "icons": [
    {
      "icon": {
        "paths": [
          "M1024 608l-192-192v-288h-128v160l-192-192-512 512v32h128v320h320v-192h128v192h320v-320h128z"
        ],
        "tags": [
          "home",
          "house"
        ],
        "defaultCode": 59650,
        "grid": 16,
        "attrs": []
      },
      "attrs": [],
      "properties": {
        "ligatures": "home3, house3",
        "name": "home3",
        "order": 2,
        "id": 3,
        "prevSize": 32
      },
      "setIdx": 0,
      "setId": 1,
      "iconIdx": 2
    },
    {
      "icon": {
        "paths": [
          "M512 64c-141.384 0-269.376 57.32-362.032 149.978l-149.968-149.978v384h384l-143.532-143.522c69.496-69.492 165.492-112.478 271.532-112.478 212.068 0 384 171.924 384 384 0 114.696-50.292 217.636-130.018 288l84.666 96c106.302-93.816 173.352-231.076 173.352-384 0-282.77-229.23-512-512-512z"
        ],
        "tags": [
          "undo",
          "ccw",
          "arrow"
        ],
        "defaultCode": 59749,
        "grid": 16,
        "attrs": []
      },
      "attrs": [],
      "properties": {
        "ligatures": "undo, ccw",
        "name": "undo",
        "order": 6,
        "id": 102,
        "prevSize": 32
      },
      "setIdx": 0,
      "setId": 1,
      "iconIdx": 101
    },
    {
      "icon": {
        "paths": [
          "M576 706.612v-52.78c70.498-39.728 128-138.772 128-237.832 0-159.058 0-288-192-288s-192 128.942-192 288c0 99.060 57.502 198.104 128 237.832v52.78c-217.102 17.748-384 124.42-384 253.388h896c0-128.968-166.898-235.64-384-253.388z"
        ],
        "tags": [
          "user",
          "profile",
          "avatar",
          "person",
          "member"
        ],
        "defaultCode": 59761,
        "grid": 16,
        "attrs": []
      },
      "attrs": [],
      "properties": {
        "ligatures": "user, profile2",
        "name": "user",
        "order": 7,
        "id": 114,
        "prevSize": 32
      },
      "setIdx": 0,
      "setId": 1,
      "iconIdx": 113
    },
    {
      "icon": {
        "paths": [
          "M64 192h896v192h-896zM64 448h896v192h-896zM64 704h896v192h-896z"
        ],
        "tags": [
          "menu",
          "list",
          "options",
          "lines",
          "hamburger"
        ],
        "defaultCode": 59837,
        "grid": 16,
        "attrs": []
      },
      "attrs": [],
      "properties": {
        "ligatures": "menu, list3",
        "name": "menu",
        "order": 10,
        "id": 190,
        "prevSize": 32
      },
      "setIdx": 0,
      "setId": 1,
      "iconIdx": 189
    },
    {
      "icon": {
        "paths": [
          "M768 640v-128h-320v-128h320v-128l192 192zM704 576v256h-320v192l-384-192v-832h704v320h-64v-256h-512l256 128v576h256v-192z"
        ],
        "tags": [
          "exit",
          "signout",
          "logout",
          "quit",
          "close"
        ],
        "defaultCode": 59924,
        "grid": 16,
        "attrs": []
      },
      "attrs": [],
      "properties": {
        "ligatures": "exit, signout",
        "name": "exit",
        "order": 9,
        "id": 277,
        "prevSize": 32
      },
      "setIdx": 0,
      "setId": 1,
      "iconIdx": 276
    },
    {
      "icon": {
        "paths": [
          "M928 0h-832c-52.8 0-96 43.2-96 96v832c0 52.8 43.2 96 96 96h416v-448h-128v-128h128v-64c0-105.8 86.2-192 192-192h128v128h-128c-35.2 0-64 28.8-64 64v64h192l-32 128h-160v448h288c52.8 0 96-43.2 96-96v-832c0-52.8-43.2-96-96-96z"
        ],
        "tags": [
          "facebook",
          "brand",
          "social"
        ],
        "defaultCode": 60049,
        "grid": 16,
        "attrs": []
      },
      "attrs": [],
      "properties": {
        "ligatures": "facebook2, brand11",
        "name": "facebook2",
        "order": 11,
        "id": 402,
        "prevSize": 32
      },
      "setIdx": 0,
      "setId": 1,
      "iconIdx": 401
    }
  ],
  "height": 1024,
  "preferences": {
    "showGlyphs": true,
    "showQuickUse": true,
    "showQuickUse2": true,
    "showSVGs": true,
    "fontPref": {
      "prefix": "icon-",
      "metadata": {
        "fontFamily": "icomoon"
      },
      "metrics": {
        "emSize": 1024,
        "baseline": 6.25,
        "whitespace": 50
      },
      "embed": false
    },
    "imagePref": {
      "prefix": "icon-",
      "png": true,
      "useClassSelector": true,
      "color": 0,
      "bgColor": 16777215,
      "classSelector": ".icon",
      "name": "icomoon"
    },
    "historySize": 50,
    "showCodes": true,
    "gridSize": 16
  }
}