{
  "IcoMoonType": "selection",
  "icons": [
    {
      "icon": {
        "paths": [
          "M512 32l-480 480h288v512h384v-512h288z"
        ],
        "tags": [
          "arrow-up",
          "up",
          "upload",
          "top"
        ],
        "defaultCode": 59954,
        "grid": 16,
        "attrs": []
      },
      "attrs": [],
      "properties": {
        "ligatures": "arrow-up, up",
        "name": "arrow-up",
        "order": 12,
        "id": 307,
        "prevSize": 32
      },
      "setIdx": 0,
      "setId": 1,
      "iconIdx": 306
    },
    {
      "icon": {
        "paths": [
          "M992 512l-480-480v288h-512v384h512v288z"
        ],
        "tags": [
          "arrow-right",
          "right",
          "next"
        ],
        "defaultCode": 59956,
        "grid": 16,
        "attrs": []
      },
      "attrs": [],
      "properties": {
        "ligatures": "arrow-right, right3",
        "name": "arrow-right",
        "order": 15,
        "id": 309,
        "prevSize": 32
      },
      "setIdx": 0,
      "setId": 1,
      "iconIdx": 308
    },
    {
      "icon": {
        "paths": [
          "M512 992l480-480h-288v-512h-384v512h-288z"
        ],
        "tags": [
          "arrow-down",
          "down",
          "download",
          "bottom"
        ],
        "defaultCode": 59958,
        "grid": 16,
        "attrs": []
      },
      "attrs": [],
      "properties": {
        "ligatures": "arrow-down, down",
        "name": "arrow-down",
        "order": 13,
        "id": 311,
        "prevSize": 32
      },
      "setIdx": 0,
      "setId": 1,
      "iconIdx": 310
    },
    {
      "icon": {
        "paths": [
          "M32 512l480 480v-288h512v-384h-512v-288z"
        ],
        "tags": [
          "arrow-left",
          "left",
          "previous"
        ],
        "defaultCode": 59960,
        "grid": 16,
        "attrs": []
      },
      "attrs": [],
      "properties": {
        "ligatures": "arrow-left, left3",
        "name": "arrow-left",
        "order": 14,
        "id": 313,
        "prevSize": 32
      },
      "setIdx": 0,
      "setId": 1,
      "iconIdx": 312
    }
  ],
  "height": 1024,
  "preferences": {
    "showGlyphs": true,
    "showQuickUse": true,
    "showQuickUse2": true,
    "showSVGs": true,
    "fontPref": {
      "prefix": "icon-",
      "metadata": {
        "fontFamily": "icomoon"
      },
      "metrics": {
        "emSize": 1024,
        "baseline": 6.25,
        "whitespace": 50
      },
      "embed": false
    },
    "imagePref": {
      "prefix": "icon-",
      "png": true,
      "useClassSelector": true,
      "color": 0,
      "bgColor": 16777215,
      "classSelector": ".icon",
      "name": "icomoon"
    },
    "historySize": 50,
    "showCodes": true,
    "gridSize": 16
  }
}